{"frames": {

"title-1.png":
{
	"frame": {"x":0,"y":0,"w":50,"h":68},
	"rotated": false,
	"trimmed": false,
	"spriteSourceSize": {"x":0,"y":0,"w":50,"h":68},
	"sourceSize": {"w":50,"h":68}
},
"title-2.png":
{
	"frame": {"x":0,"y":68,"w":50,"h":68},
	"rotated": false,
	"trimmed": false,
	"spriteSourceSize": {"x":0,"y":0,"w":50,"h":68},
	"sourceSize": {"w":50,"h":68}
},
"title-3.png":
{
	"frame": {"x":0,"y":136,"w":50,"h":68},
	"rotated": false,
	"trimmed": false,
	"spriteSourceSize": {"x":0,"y":0,"w":50,"h":68},
	"sourceSize": {"w":50,"h":68}
},
"title-4.png":
{
	"frame": {"x":0,"y":204,"w":50,"h":68},
	"rotated": false,
	"trimmed": false,
	"spriteSourceSize": {"x":0,"y":0,"w":50,"h":68},
	"sourceSize": {"w":50,"h":68}
},
"title-5.png":
{
	"frame": {"x":0,"y":272,"w":50,"h":68},
	"rotated": false,
	"trimmed": false,
	"spriteSourceSize": {"x":0,"y":0,"w":50,"h":68},
	"sourceSize": {"w":50,"h":68}
},
"title-6.png":
{
	"frame": {"x":0,"y":340,"w":50,"h":68},
	"rotated": false,
	"trimmed": false,
	"spriteSourceSize": {"x":0,"y":0,"w":50,"h":68},
	"sourceSize": {"w":50,"h":68}
},
"title-7.png":
{
	"frame": {"x":0,"y":408,"w":50,"h":68},
	"rotated": false,
	"trimmed": false,
	"spriteSourceSize": {"x":0,"y":0,"w":50,"h":68},
	"sourceSize": {"w":50,"h":68}
},
"title-8.png":
{
	"frame": {"x":0,"y":476,"w":50,"h":68},
	"rotated": false,
	"trimmed": false,
	"spriteSourceSize": {"x":0,"y":0,"w":50,"h":68},
	"sourceSize": {"w":50,"h":68}
}},
"meta": {
	"app": "https://www.codeandweb.com/texturepacker",
	"version": "1.0",
	"image": "mahjong_load.png",
	"format": "RGBA8888",
	"size": {"w":50,"h":544},
	"scale": "1",
	"smartupdate": "$TexturePacker:SmartUpdate:72c245865e7985a0a13ad146c4bc5b2e:92d7a51699090a48eefe0e438a90bc06:4923b17b9ffaf6fa728d49111be150bd$"
}
}
