{"frames": {

"title-1.png":
{
	"frame": {"x":0,"y":0,"w":49,"h":67},
	"rotated": false,
	"trimmed": false,
	"spriteSourceSize": {"x":0,"y":0,"w":49,"h":67},
	"sourceSize": {"w":49,"h":67}
},
"title-2.png":
{
	"frame": {"x":0,"y":67,"w":49,"h":67},
	"rotated": false,
	"trimmed": false,
	"spriteSourceSize": {"x":0,"y":0,"w":49,"h":67},
	"sourceSize": {"w":49,"h":67}
},
"title-3.png":
{
	"frame": {"x":0,"y":134,"w":49,"h":67},
	"rotated": false,
	"trimmed": false,
	"spriteSourceSize": {"x":0,"y":0,"w":49,"h":67},
	"sourceSize": {"w":49,"h":67}
},
"title-4.png":
{
	"frame": {"x":0,"y":201,"w":49,"h":67},
	"rotated": false,
	"trimmed": false,
	"spriteSourceSize": {"x":0,"y":0,"w":49,"h":67},
	"sourceSize": {"w":49,"h":67}
},
"title-5.png":
{
	"frame": {"x":0,"y":268,"w":49,"h":67},
	"rotated": false,
	"trimmed": false,
	"spriteSourceSize": {"x":0,"y":0,"w":49,"h":67},
	"sourceSize": {"w":49,"h":67}
},
"title-6.png":
{
	"frame": {"x":0,"y":335,"w":49,"h":67},
	"rotated": false,
	"trimmed": false,
	"spriteSourceSize": {"x":0,"y":0,"w":49,"h":67},
	"sourceSize": {"w":49,"h":67}
}},
"meta": {
	"app": "https://www.codeandweb.com/texturepacker",
	"version": "1.0",
	"image": "mahjong_load.png",
	"format": "RGBA8888",
	"size": {"w":49,"h":402},
	"scale": "1",
	"smartupdate": "$TexturePacker:SmartUpdate:554b64aaa88f4b9905b91fa9664d0da6:3067a82abff74936de1015f170d1ca41:4923b17b9ffaf6fa728d49111be150bd$"
}
}
